1425443342;1425443624;1425443627;1425444728;1425446432
1425443410;1425443655;1425443661;1425444677;1425445295
1425443419;1425443731;1425443821;1425445300;1425449323
1425443602;1425443871;1425443958;1425445198;1425456695
1425444113;1425444422;1425444454;1425445921;1425447385
1425444148;1425444480;1425444737;1425445275;1425453223
1425444514;1425444766;1425444934;1425447787;1425459188
1425446050;1425446170;1425446393;1425448000;1425448857
1425446878;1425447010;1425447188;1425448140;1425460523
1425446974;1425447204;1425447403;1425448786;1425449273
1425446994;1425447421;1425447592;1425451032;1425451673
1425447046;1425448428;1425448432;1425449260;1425449264
1425447499;1425448442;1425448463;1425453338;1425454923
1425447690;1425448630;1425448635;1425449406;1425450910
1425448007;1425448885;1425448887;1425453419;1425456959
1425448986;1425449485;1425449486;1425453436;1425456830
1425449071;1425449505;1425449595;1425456856;1425457314
1425449500;1425449706;1425449850;1425450299;1425460137
1425449677;1425450046;1425450048;1425451489;1425463770
1425450217;1425450882;1425450911;1425457374;1425461923
1425450516;1425450932;1425451029;1425451981;1425455801
1425450580;1425455297;1425455328;1425457942;1425460286